crate,version,origin,license_expression
ab_glyph,0.2.32,crates.io,Apache-2.0
ab_glyph_rasterizer,0.1.10,crates.io,Apache-2.0
accesskit,0.24.1,crates.io,MIT OR Apache-2.0
accesskit_consumer,0.35.0,crates.io,MIT OR Apache-2.0
accesskit_consumer,0.38.0,crates.io,MIT OR Apache-2.0
accesskit_macos,0.26.3,crates.io,MIT OR Apache-2.0
accesskit_windows,0.32.1,crates.io,MIT OR Apache-2.0
accesskit_winit,0.32.2,crates.io,Apache-2.0
adler2,2.0.1,crates.io,0BSD OR MIT OR Apache-2.0
ahash,0.8.12,crates.io,MIT OR Apache-2.0
aho-corasick,1.1.5,crates.io,Unlicense OR MIT
allocator-api2,0.2.21,crates.io,MIT OR Apache-2.0
android-activity,0.6.1,crates.io,MIT OR Apache-2.0
android-properties,0.2.2,crates.io,MIT
android_log-sys,0.3.2,crates.io,MIT OR Apache-2.0
android_system_properties,0.1.6,crates.io,MIT OR Apache-2.0
approx,0.5.1,crates.io,Apache-2.0
arboard,3.6.1,crates.io,MIT OR Apache-2.0
arrayref,0.3.9,crates.io,BSD-2-Clause
arrayvec,0.7.8,crates.io,MIT OR Apache-2.0
as-raw-xcb-connection,1.0.1,crates.io,MIT OR Apache-2.0
ash,0.38.0+1.3.281,crates.io,MIT OR Apache-2.0
assert_type_match,0.1.1,crates.io,MIT OR Apache-2.0
async-broadcast,0.7.2,crates.io,MIT OR Apache-2.0
async-channel,2.5.0,crates.io,Apache-2.0 OR MIT
async-executor,1.14.0,crates.io,Apache-2.0 OR MIT
async-fs,2.2.0,crates.io,Apache-2.0 OR MIT
async-io,2.6.0,crates.io,Apache-2.0 OR MIT
async-lock,3.4.2,crates.io,Apache-2.0 OR MIT
async-task,4.7.1,crates.io,Apache-2.0 OR MIT
atomic-waker,1.1.2,crates.io,Apache-2.0 OR MIT
atomicow,1.2.0,crates.io,MIT OR Apache-2.0
autocfg,1.5.1,crates.io,Apache-2.0 OR MIT
bevy,0.19.1,crates.io,MIT OR Apache-2.0
bevy_a11y,0.19.1,crates.io,MIT OR Apache-2.0
bevy_android,0.19.1,crates.io,MIT OR Apache-2.0
bevy_animation,0.19.1,crates.io,MIT OR Apache-2.0
bevy_animation_macros,0.19.1,crates.io,MIT OR Apache-2.0
bevy_anti_alias,0.19.1,crates.io,MIT OR Apache-2.0
bevy_app,0.19.1,crates.io,MIT OR Apache-2.0
bevy_asset,0.19.1,crates.io,MIT OR Apache-2.0
bevy_asset_macros,0.19.1,crates.io,MIT OR Apache-2.0
bevy_camera,0.19.1,crates.io,MIT OR Apache-2.0
bevy_clipboard,0.19.1,crates.io,MIT OR Apache-2.0
bevy_color,0.19.1,crates.io,MIT OR Apache-2.0
bevy_core_pipeline,0.19.1,crates.io,MIT OR Apache-2.0
bevy_derive,0.19.1,crates.io,MIT OR Apache-2.0
bevy_dev_tools,0.19.1,crates.io,MIT OR Apache-2.0
bevy_diagnostic,0.19.1,crates.io,MIT OR Apache-2.0
bevy_ecs,0.19.1,crates.io,MIT OR Apache-2.0
bevy_ecs_macro_logic,0.19.1,crates.io,MIT OR Apache-2.0
bevy_ecs_macros,0.19.1,crates.io,MIT OR Apache-2.0
bevy_encase_derive,0.19.1,crates.io,MIT OR Apache-2.0
bevy_feathers,0.19.1,crates.io,MIT OR Apache-2.0
bevy_gilrs,0.19.1,crates.io,MIT OR Apache-2.0
bevy_gizmos,0.19.1,crates.io,MIT OR Apache-2.0
bevy_gizmos_macros,0.19.1,crates.io,MIT OR Apache-2.0
bevy_gizmos_render,0.19.1,crates.io,MIT OR Apache-2.0
bevy_image,0.19.1,crates.io,MIT OR Apache-2.0
bevy_input,0.19.1,crates.io,MIT OR Apache-2.0
bevy_input_focus,0.19.1,crates.io,MIT OR Apache-2.0
bevy_internal,0.19.1,crates.io,MIT OR Apache-2.0
bevy_light,0.19.1,crates.io,MIT OR Apache-2.0
bevy_log,0.19.1,crates.io,MIT OR Apache-2.0
bevy_macro_utils,0.19.1,crates.io,MIT OR Apache-2.0
bevy_material,0.19.1,crates.io,MIT OR Apache-2.0
bevy_material_macros,0.19.1,crates.io,MIT OR Apache-2.0
bevy_math,0.19.1,crates.io,MIT OR Apache-2.0
bevy_mesh,0.19.1,crates.io,MIT OR Apache-2.0
bevy_mikktspace,1.0.0,crates.io,Zlib AND (MIT OR Apache-2.0)
bevy_pbr,0.19.1,crates.io,MIT OR Apache-2.0
bevy_picking,0.19.1,crates.io,MIT OR Apache-2.0
bevy_platform,0.19.1,crates.io,MIT OR Apache-2.0
bevy_post_process,0.19.1,crates.io,MIT OR Apache-2.0
bevy_ptr,0.19.1,crates.io,MIT OR Apache-2.0
bevy_reflect,0.19.1,crates.io,MIT OR Apache-2.0
bevy_reflect_derive,0.19.1,crates.io,MIT OR Apache-2.0
bevy_render,0.19.1,crates.io,MIT OR Apache-2.0
bevy_render_macros,0.19.1,crates.io,MIT OR Apache-2.0
bevy_scene,0.19.1,crates.io,MIT OR Apache-2.0
bevy_scene_macros,0.19.1,crates.io,MIT OR Apache-2.0
bevy_shader,0.19.1,crates.io,MIT OR Apache-2.0
bevy_sprite,0.19.1,crates.io,MIT OR Apache-2.0
bevy_sprite_render,0.19.1,crates.io,MIT OR Apache-2.0
bevy_state,0.19.1,crates.io,MIT OR Apache-2.0
bevy_state_macros,0.19.1,crates.io,MIT OR Apache-2.0
bevy_tasks,0.19.1,crates.io,MIT OR Apache-2.0
bevy_text,0.19.1,crates.io,MIT OR Apache-2.0
bevy_time,0.19.1,crates.io,MIT OR Apache-2.0
bevy_transform,0.19.1,crates.io,MIT OR Apache-2.0
bevy_ui,0.19.1,crates.io,MIT OR Apache-2.0
bevy_ui_render,0.19.1,crates.io,MIT OR Apache-2.0
bevy_ui_widgets,0.19.1,crates.io,MIT OR Apache-2.0
bevy_utils,0.19.1,crates.io,MIT OR Apache-2.0
bevy_window,0.19.1,crates.io,MIT OR Apache-2.0
bevy_winit,0.19.1,crates.io,MIT OR Apache-2.0
bevy_world_serialization,0.19.1,crates.io,MIT OR Apache-2.0
bit-set,0.9.1,crates.io,Apache-2.0 OR MIT
bit-vec,0.9.1,crates.io,Apache-2.0 OR MIT
bitflags,1.3.2,crates.io,MIT/Apache-2.0
bitflags,2.13.2,crates.io,MIT OR Apache-2.0
blake3,1.8.7,crates.io,CC0-1.0 OR Apache-2.0 OR Apache-2.0 WITH LLVM-exception
block2,0.5.1,crates.io,MIT
block2,0.6.2,crates.io,MIT
blocking,1.7.0,crates.io,Apache-2.0 OR MIT
bumpalo,3.20.3,crates.io,MIT OR Apache-2.0
bytemuck,1.25.2,crates.io,Zlib OR Apache-2.0 OR MIT
bytemuck_derive,1.12.1,crates.io,Zlib OR Apache-2.0 OR MIT
byteorder,1.5.0,crates.io,Unlicense OR MIT
byteorder-lite,0.1.0,crates.io,Unlicense OR MIT
bytes,1.12.1,crates.io,MIT
calloop,0.13.0,crates.io,MIT
calloop-wayland-source,0.3.0,crates.io,MIT
cc,1.4.7,crates.io,MIT OR Apache-2.0
cfg-if,1.0.5,crates.io,MIT OR Apache-2.0
cfg_aliases,0.2.2,crates.io,MIT
clipboard-win,5.4.1,crates.io,BSL-1.0
codespan-reporting,0.12.0,crates.io,Apache-2.0
codespan-reporting,0.13.1,crates.io,Apache-2.0
combine,4.6.8,crates.io,MIT
concurrent-queue,2.5.0,crates.io,Apache-2.0 OR MIT
console_error_panic_hook,0.1.7,crates.io,Apache-2.0/MIT
const-fnv1a-hash,1.1.0,crates.io,MIT
const_panic,0.2.17,crates.io,Zlib
const_soft_float,0.1.4,crates.io,MIT OR Apache-2.0
constant_time_eq,0.4.2,crates.io,CC0-1.0 OR MIT-0 OR Apache-2.0
constgebra,0.1.4,crates.io,MIT OR Apache-2.0
convert_case,0.10.0,crates.io,MIT
core-foundation,0.9.4,crates.io,MIT OR Apache-2.0
core-foundation-sys,0.8.7,crates.io,MIT OR Apache-2.0
core-graphics,0.23.2,crates.io,MIT OR Apache-2.0
core-graphics-types,0.1.3,crates.io,MIT OR Apache-2.0
core_maths,0.1.1,crates.io,MIT
cpufeatures,0.3.1,crates.io,MIT OR Apache-2.0
crc32fast,1.5.2,crates.io,MIT OR Apache-2.0
critical-section,1.2.0,crates.io,MIT OR Apache-2.0
crossbeam-channel,0.5.17,crates.io,MIT OR Apache-2.0
crossbeam-queue,0.3.14,crates.io,MIT OR Apache-2.0
crossbeam-utils,0.8.23,crates.io,MIT OR Apache-2.0
crunchy,0.2.4,crates.io,MIT
ctrlc,3.5.2,crates.io,MIT/Apache-2.0
cursor-icon,1.2.0,crates.io,MIT OR Apache-2.0 OR Zlib
data-encoding,2.11.1,crates.io,MIT
derive_more,2.1.1,crates.io,MIT
derive_more-impl,2.1.1,crates.io,MIT
dispatch,0.2.0,crates.io,MIT
dispatch2,0.3.1,crates.io,Zlib OR Apache-2.0 OR MIT
displaydoc,0.2.7,crates.io,MIT OR Apache-2.0
disqualified,1.1.0,crates.io,MIT OR Apache-2.0
dlib,0.5.3,crates.io,MIT
document-features,0.2.12,crates.io,MIT OR Apache-2.0
downcast-rs,1.2.1,crates.io,MIT/Apache-2.0
downcast-rs,2.0.2,crates.io,MIT OR Apache-2.0
dpi,0.1.2,crates.io,Apache-2.0 AND MIT
either,1.18.0,crates.io,MIT OR Apache-2.0
encase,0.12.1,crates.io,MIT-0
encase_derive,0.12.1,crates.io,MIT-0
encase_derive_impl,0.12.1,crates.io,MIT-0
equivalent,1.0.2,crates.io,Apache-2.0 OR MIT
erased-serde,0.4.10,crates.io,MIT OR Apache-2.0
errno,0.3.14,crates.io,MIT OR Apache-2.0
error-code,3.4.0,crates.io,BSL-1.0
euclid,0.22.14,crates.io,MIT OR Apache-2.0
event-listener,5.4.2,crates.io,Apache-2.0 OR MIT
event-listener-strategy,0.5.4,crates.io,Apache-2.0 OR MIT
fastrand,2.5.0,crates.io,Apache-2.0 OR MIT
fdeflate,0.3.7,crates.io,MIT OR Apache-2.0
find-msvc-tools,0.1.13,crates.io,MIT OR Apache-2.0
fixedbitset,0.5.7,crates.io,MIT OR Apache-2.0
flate2,1.1.10,crates.io,MIT OR Apache-2.0
fnv,1.0.7,crates.io,Apache-2.0 / MIT
foldhash,0.1.5,crates.io,Zlib
foldhash,0.2.0,crates.io,Zlib
font-types,0.11.3,crates.io,MIT OR Apache-2.0
font-types,0.12.5,crates.io,MIT OR Apache-2.0
fontique,0.9.0,crates.io,Apache-2.0 OR MIT
foreign-types,0.5.0,crates.io,MIT/Apache-2.0
foreign-types-macros,0.2.4,crates.io,MIT/Apache-2.0
foreign-types-shared,0.3.1,crates.io,MIT/Apache-2.0
futures-channel,0.3.34,crates.io,MIT OR Apache-2.0
futures-core,0.3.34,crates.io,MIT OR Apache-2.0
futures-io,0.3.34,crates.io,MIT OR Apache-2.0
futures-lite,2.6.1,crates.io,Apache-2.0 OR MIT
futures-macro,0.3.34,crates.io,MIT OR Apache-2.0
futures-task,0.3.34,crates.io,MIT OR Apache-2.0
futures-util,0.3.34,crates.io,MIT OR Apache-2.0
gethostname,1.1.0,crates.io,Apache-2.0
getrandom,0.3.4,crates.io,MIT OR Apache-2.0
getrandom,0.4.3,crates.io,MIT OR Apache-2.0
gilrs,0.11.2,crates.io,Apache-2.0/MIT
gilrs-core,0.6.8,crates.io,Apache-2.0/MIT
gl_generator,0.14.0,crates.io,Apache-2.0
glam,0.32.1,crates.io,MIT OR Apache-2.0
glow,0.17.0,crates.io,MIT OR Apache-2.0 OR Zlib
glutin_wgl_sys,0.6.1,crates.io,Apache-2.0
gpu-allocator,0.28.0,crates.io,MIT OR Apache-2.0
gpu-descriptor,0.3.2,crates.io,MIT OR Apache-2.0
gpu-descriptor-types,0.2.0,crates.io,MIT OR Apache-2.0
grid,1.0.1,crates.io,MIT
guillotiere,0.6.2,crates.io,MIT/Apache-2.0
half,2.7.1,crates.io,MIT OR Apache-2.0
harfrust,0.6.2,crates.io,MIT
hash32,0.3.1,crates.io,MIT OR Apache-2.0
hashbrown,0.15.5,crates.io,MIT OR Apache-2.0
hashbrown,0.16.1,crates.io,MIT OR Apache-2.0
hashbrown,0.17.1,crates.io,MIT OR Apache-2.0
heapless,0.9.3,crates.io,MIT OR Apache-2.0
hermit-abi,0.5.3,crates.io,MIT OR Apache-2.0
hexasphere,18.0.0,crates.io,MIT OR Apache-2.0
hexf-parse,0.2.1,crates.io,CC0-1.0
icu_collections,2.3.0,crates.io,Unicode-3.0
icu_locale_core,2.3.0,crates.io,Unicode-3.0
icu_locale_fallback,2.3.0,crates.io,Unicode-3.0
icu_locale_fallback_data,2.3.0,crates.io,Unicode-3.0
icu_normalizer,2.3.0,crates.io,Unicode-3.0
icu_normalizer_data,2.3.0,crates.io,Unicode-3.0
icu_properties,2.3.0,crates.io,Unicode-3.0
icu_properties_data,2.3.0,crates.io,Unicode-3.0
icu_provider,2.3.1,crates.io,Unicode-3.0
icu_segmenter,2.3.0,crates.io,Unicode-3.0
icu_segmenter_data,2.3.0,crates.io,Unicode-3.0
image,0.25.10,crates.io,MIT OR Apache-2.0
indexmap,2.14.2,crates.io,Apache-2.0 OR MIT
inotify,0.11.5,crates.io,ISC
inotify-sys,0.1.8,crates.io,ISC
inventory,0.3.24,crates.io,MIT OR Apache-2.0
itertools,0.14.0,crates.io,MIT OR Apache-2.0
jni,0.22.4,crates.io,MIT OR Apache-2.0
jni-macros,0.22.4,crates.io,MIT OR Apache-2.0
jni-sys,0.3.1,crates.io,MIT OR Apache-2.0
jni-sys,0.4.1,crates.io,MIT OR Apache-2.0
jni-sys-macros,0.4.1,crates.io,MIT OR Apache-2.0
jobserver,0.1.35,crates.io,MIT OR Apache-2.0
js-sys,0.3.105,crates.io,MIT OR Apache-2.0
khronos-egl,6.0.0,crates.io,MIT/Apache-2.0
khronos_api,3.1.0,crates.io,Apache-2.0
lazy_static,1.5.0,crates.io,MIT OR Apache-2.0
libc,0.2.189,crates.io,MIT OR Apache-2.0
libloading,0.8.9,crates.io,ISC
libm,0.2.16,crates.io,MIT
libredox,0.1.25,crates.io,MIT
libudev-sys,0.1.4,crates.io,MIT
linebender_resource_handle,0.1.1,crates.io,Apache-2.0 OR MIT
linux-raw-sys,0.12.1,crates.io,Apache-2.0 WITH LLVM-exception OR Apache-2.0 OR MIT
linux-raw-sys,0.4.15,crates.io,Apache-2.0 WITH LLVM-exception OR Apache-2.0 OR MIT
litemap,0.8.3,crates.io,Unicode-3.0
litrs,1.0.0,crates.io,MIT OR Apache-2.0
lock_api,0.4.14,crates.io,MIT OR Apache-2.0
log,0.4.34,crates.io,MIT OR Apache-2.0
matchers,0.2.0,crates.io,MIT
memchr,2.8.3,crates.io,Unlicense OR MIT
memmap2,0.9.11,crates.io,MIT OR Apache-2.0
miniz_oxide,0.8.9,crates.io,MIT OR Zlib OR Apache-2.0
miniz_oxide,0.9.1,crates.io,MIT OR Zlib OR Apache-2.0
moxcms,0.8.1,crates.io,BSD-3-Clause OR Apache-2.0
naga,29.0.4,crates.io,MIT OR Apache-2.0
naga_oil,0.22.0,crates.io,MIT OR Apache-2.0
ndk,0.9.0,crates.io,MIT OR Apache-2.0
ndk-context,0.1.1,crates.io,MIT OR Apache-2.0
ndk-sys,0.6.0+11769913,crates.io,MIT OR Apache-2.0
nix,0.31.3,crates.io,MIT
nom,8.0.0,crates.io,MIT
nonmax,0.5.5,crates.io,MIT OR Apache-2.0
ntapi,0.4.3,crates.io,Apache-2.0 OR MIT
nu-ansi-term,0.50.3,crates.io,MIT
num-traits,0.2.19,crates.io,MIT OR Apache-2.0
num_enum,0.7.6,crates.io,BSD-3-Clause OR MIT OR Apache-2.0
num_enum_derive,0.7.6,crates.io,BSD-3-Clause OR MIT OR Apache-2.0
objc-sys,0.3.5,crates.io,MIT
objc2,0.5.2,crates.io,MIT
objc2,0.6.4,crates.io,MIT
objc2-app-kit,0.2.2,crates.io,MIT
objc2-app-kit,0.3.2,crates.io,Zlib OR Apache-2.0 OR MIT
objc2-cloud-kit,0.2.2,crates.io,MIT
objc2-contacts,0.2.2,crates.io,MIT
objc2-core-data,0.2.2,crates.io,MIT
objc2-core-foundation,0.3.2,crates.io,Zlib OR Apache-2.0 OR MIT
objc2-core-graphics,0.3.2,crates.io,Zlib OR Apache-2.0 OR MIT
objc2-core-image,0.2.2,crates.io,MIT
objc2-core-location,0.2.2,crates.io,MIT
objc2-encode,4.1.0,crates.io,MIT
objc2-foundation,0.2.2,crates.io,MIT
objc2-foundation,0.3.2,crates.io,MIT
objc2-io-kit,0.3.2,crates.io,Zlib OR Apache-2.0 OR MIT
objc2-io-surface,0.3.2,crates.io,Zlib OR Apache-2.0 OR MIT
objc2-link-presentation,0.2.2,crates.io,MIT
objc2-metal,0.2.2,crates.io,MIT
objc2-metal,0.3.2,crates.io,Zlib OR Apache-2.0 OR MIT
objc2-quartz-core,0.2.2,crates.io,MIT
objc2-quartz-core,0.3.2,crates.io,Zlib OR Apache-2.0 OR MIT
objc2-symbols,0.2.2,crates.io,MIT
objc2-ui-kit,0.2.2,crates.io,MIT
objc2-uniform-type-identifiers,0.2.2,crates.io,MIT
objc2-user-notifications,0.2.2,crates.io,MIT
offset-allocator,0.2.0,crates.io,MIT
once_cell,1.21.4,crates.io,MIT OR Apache-2.0
orbclient,0.3.55,crates.io,MIT
ordered-float,5.5.0,crates.io,MIT
os_pipe,1.2.3,crates.io,MIT
owned_ttf_parser,0.25.1,crates.io,Apache-2.0
parking,2.2.1,crates.io,Apache-2.0 OR MIT
parking_lot,0.12.5,crates.io,MIT OR Apache-2.0
parking_lot_core,0.9.12,crates.io,MIT OR Apache-2.0
parlance,0.1.0,crates.io,Apache-2.0 OR MIT
parley,0.9.0,crates.io,Apache-2.0 OR MIT
parley_data,0.9.0,crates.io,Apache-2.0 OR MIT
percent-encoding,2.3.2,crates.io,MIT OR Apache-2.0
petgraph,0.8.3,crates.io,MIT OR Apache-2.0
pin-project,1.1.13,crates.io,Apache-2.0 OR MIT
pin-project-internal,1.1.13,crates.io,Apache-2.0 OR MIT
pin-project-lite,0.2.17,crates.io,Apache-2.0 OR MIT
piper,0.2.5,crates.io,MIT OR Apache-2.0
pkg-config,0.3.34,crates.io,MIT OR Apache-2.0
plain,0.2.3,crates.io,MIT/Apache-2.0
png,0.18.1,crates.io,MIT OR Apache-2.0
polling,3.11.0,crates.io,Apache-2.0 OR MIT
portable-atomic,1.15.0,crates.io,Apache-2.0 OR MIT
portable-atomic-util,0.2.8,crates.io,Apache-2.0 OR MIT
potential_utf,0.1.6,crates.io,Unicode-3.0
pp-rs,0.2.1,crates.io,BSD-3-Clause
presser,0.3.1,crates.io,MIT OR Apache-2.0
proc-macro-crate,3.5.0,crates.io,MIT OR Apache-2.0
proc-macro2,1.0.107,crates.io,MIT OR Apache-2.0
profiling,1.0.18,crates.io,MIT OR Apache-2.0
pxfm,0.1.30,crates.io,BSD-3-Clause OR Apache-2.0
quick-xml,0.41.0,crates.io,MIT
quote,1.0.47,crates.io,MIT OR Apache-2.0
r-efi,5.3.0,crates.io,MIT OR Apache-2.0 OR LGPL-2.1-or-later
r-efi,6.0.0,crates.io,MIT OR Apache-2.0 OR LGPL-2.1-or-later
radsort,0.1.1,crates.io,MIT OR Apache-2.0
rand,0.10.3,crates.io,MIT OR Apache-2.0
rand_core,0.10.1,crates.io,MIT OR Apache-2.0
rand_distr,0.6.0,crates.io,MIT OR Apache-2.0
range-alloc,0.1.5,crates.io,MIT OR Apache-2.0
raw-window-handle,0.6.2,crates.io,MIT OR Apache-2.0 OR Zlib
raw-window-metal,1.1.0,crates.io,MIT OR Apache-2.0
read-fonts,0.39.2,crates.io,MIT OR Apache-2.0
read-fonts,0.41.0,crates.io,MIT OR Apache-2.0
rectangle-pack,0.4.2,crates.io,MIT/Apache-2.0
redox_syscall,0.4.1,crates.io,MIT
redox_syscall,0.5.18,crates.io,MIT
redox_syscall,0.9.4,crates.io,MIT
regex,1.13.1,crates.io,MIT OR Apache-2.0
regex-automata,0.4.18,crates.io,MIT OR Apache-2.0
regex-syntax,0.8.11,crates.io,MIT OR Apache-2.0
renderdoc-sys,1.1.0,crates.io,MIT OR Apache-2.0
ron,0.12.2,crates.io,MIT OR Apache-2.0
rustc-hash,1.1.0,crates.io,Apache-2.0/MIT
rustc_version,0.4.1,crates.io,MIT OR Apache-2.0
rustix,0.38.44,crates.io,Apache-2.0 WITH LLVM-exception OR Apache-2.0 OR MIT
rustix,1.1.5,crates.io,Apache-2.0 WITH LLVM-exception OR Apache-2.0 OR MIT
rustversion,1.0.23,crates.io,MIT OR Apache-2.0
same-file,1.0.6,crates.io,Unlicense/MIT
scoped-tls,1.0.1,crates.io,MIT/Apache-2.0
scopeguard,1.2.0,crates.io,MIT OR Apache-2.0
sctk-adwaita,0.10.1,crates.io,MIT
semver,1.0.28,crates.io,MIT OR Apache-2.0
send_wrapper,0.6.0,crates.io,MIT/Apache-2.0
serde,1.0.229,crates.io,MIT OR Apache-2.0
serde_core,1.0.229,crates.io,MIT OR Apache-2.0
serde_derive,1.0.229,crates.io,MIT OR Apache-2.0
sharded-slab,0.1.7,crates.io,MIT
shlex,2.0.1,crates.io,MIT OR Apache-2.0
simd-adler32,0.3.10,crates.io,MIT
simd_cesu8,1.2.0,crates.io,Apache-2.0 OR MIT
simdutf8,0.1.5,crates.io,MIT OR Apache-2.0
skrifa,0.42.1,crates.io,MIT OR Apache-2.0
skrifa,0.44.0,crates.io,MIT OR Apache-2.0
slab,0.4.12,crates.io,MIT
slotmap,1.1.1,crates.io,Zlib
smallvec,1.16.1,crates.io,MIT OR Apache-2.0
smithay-client-toolkit,0.19.2,crates.io,MIT
smol_str,0.2.2,crates.io,MIT OR Apache-2.0
spin,0.10.1,crates.io,MIT
spirv,0.4.0+sdk-1.4.341.0,crates.io,Apache-2.0
stable_deref_trait,1.2.1,crates.io,MIT OR Apache-2.0
stackfuture,0.3.1,crates.io,MIT
static_assertions,1.1.0,crates.io,MIT OR Apache-2.0
strict-num,0.1.1,crates.io,MIT
svg_fmt,0.4.5,crates.io,MIT/Apache-2.0
swash,0.2.10,crates.io,Apache-2.0 OR MIT
syn,2.0.119,crates.io,MIT OR Apache-2.0
syn,3.0.6,crates.io,MIT OR Apache-2.0
synstructure,0.14.0,crates.io,MIT
sys-locale,0.3.2,crates.io,MIT OR Apache-2.0
sysinfo,0.38.4,crates.io,MIT
taffy,0.10.1,crates.io,MIT
termcolor,1.4.1,crates.io,Unlicense OR MIT
thiserror,1.0.69,crates.io,MIT OR Apache-2.0
thiserror,2.0.21,crates.io,MIT OR Apache-2.0
thiserror-impl,1.0.69,crates.io,MIT OR Apache-2.0
thiserror-impl,2.0.21,crates.io,MIT OR Apache-2.0
thread_local,1.1.10,crates.io,MIT OR Apache-2.0
tiny-skia,0.11.4,crates.io,BSD-3-Clause
tiny-skia-path,0.11.4,crates.io,BSD-3-Clause
tinystr,0.8.4,crates.io,Unicode-3.0
tinyvec,1.13.3,crates.io,Zlib OR Apache-2.0 OR MIT
toml_datetime,1.1.1+spec-1.1.0,crates.io,MIT OR Apache-2.0
toml_edit,0.25.15+spec-1.1.0,crates.io,MIT OR Apache-2.0
toml_parser,1.1.3+spec-1.1.0,crates.io,MIT OR Apache-2.0
tracing,0.1.44,crates.io,MIT
tracing-attributes,0.1.31,crates.io,MIT
tracing-core,0.1.36,crates.io,MIT
tracing-log,0.2.0,crates.io,MIT
tracing-oslog,0.3.0,crates.io,Zlib
tracing-subscriber,0.3.23,crates.io,MIT
tracing-wasm,0.2.1,crates.io,MIT OR Apache-2.0
tree_magic_mini,3.2.2,crates.io,MIT
ttf-parser,0.25.1,crates.io,MIT OR Apache-2.0
typeid,1.0.3,crates.io,MIT OR Apache-2.0
typewit,1.15.2,crates.io,Zlib
unicode-ident,1.0.26,crates.io,(MIT OR Apache-2.0) AND Unicode-3.0
unicode-segmentation,1.13.3,crates.io,MIT OR Apache-2.0
unicode-width,0.2.2,crates.io,MIT OR Apache-2.0
unicode-xid,0.2.6,crates.io,MIT OR Apache-2.0
utf8_iter,1.0.4,crates.io,Apache-2.0 OR MIT
uuid,1.26.1,crates.io,Apache-2.0 OR MIT
valuable,0.1.1,crates.io,MIT
variadics_please,1.1.0,crates.io,MIT OR Apache-2.0
vec_map,0.8.2,crates.io,MIT/Apache-2.0
version_check,0.9.5,crates.io,MIT/Apache-2.0
walkdir,2.5.0,crates.io,Unlicense/MIT
wasip2,1.0.4+wasi-0.2.12,crates.io,Apache-2.0 WITH LLVM-exception OR Apache-2.0 OR MIT
wasm-bindgen,0.2.128,crates.io,MIT OR Apache-2.0
wasm-bindgen-futures,0.4.78,crates.io,MIT OR Apache-2.0
wasm-bindgen-macro,0.2.128,crates.io,MIT OR Apache-2.0
wasm-bindgen-macro-support,0.2.128,crates.io,MIT OR Apache-2.0
wasm-bindgen-shared,0.2.128,crates.io,MIT OR Apache-2.0
wayland-backend,0.3.17,crates.io,MIT
wayland-client,0.31.15,crates.io,MIT
wayland-csd-frame,0.3.0,crates.io,MIT
wayland-cursor,0.31.14,crates.io,MIT
wayland-protocols,0.32.13,crates.io,MIT
wayland-protocols-plasma,0.3.12,crates.io,MIT
wayland-protocols-wlr,0.3.12,crates.io,MIT
wayland-scanner,0.31.11,crates.io,MIT
wayland-sys,0.31.11,crates.io,MIT
weak-table,0.3.2,crates.io,MIT
web-sys,0.3.105,crates.io,MIT OR Apache-2.0
web-task,1.1.3,crates.io,MIT OR Apache-2.0
web-time,1.1.0,crates.io,MIT OR Apache-2.0
wgpu,29.0.4,crates.io,MIT OR Apache-2.0
wgpu-core,29.0.4,crates.io,MIT OR Apache-2.0
wgpu-core-deps-apple,29.0.4,crates.io,MIT OR Apache-2.0
wgpu-core-deps-wasm,29.0.4,crates.io,MIT OR Apache-2.0
wgpu-core-deps-windows-linux-android,29.0.4,crates.io,MIT OR Apache-2.0
wgpu-hal,29.0.4,crates.io,MIT OR Apache-2.0
wgpu-naga-bridge,29.0.4,crates.io,MIT OR Apache-2.0
wgpu-types,29.0.4,crates.io,MIT OR Apache-2.0
winapi,0.3.9,crates.io,MIT/Apache-2.0
winapi-i686-pc-windows-gnu,0.4.0,crates.io,MIT/Apache-2.0
winapi-util,0.1.11,crates.io,Unlicense OR MIT
winapi-x86_64-pc-windows-gnu,0.4.0,crates.io,MIT/Apache-2.0
windows,0.62.2,crates.io,MIT OR Apache-2.0
windows-collections,0.3.2,crates.io,MIT OR Apache-2.0
windows-core,0.62.2,crates.io,MIT OR Apache-2.0
windows-future,0.3.2,crates.io,MIT OR Apache-2.0
windows-implement,0.60.2,crates.io,MIT OR Apache-2.0
windows-interface,0.59.3,crates.io,MIT OR Apache-2.0
windows-link,0.2.1,crates.io,MIT OR Apache-2.0
windows-numerics,0.3.1,crates.io,MIT OR Apache-2.0
windows-result,0.4.1,crates.io,MIT OR Apache-2.0
windows-strings,0.5.1,crates.io,MIT OR Apache-2.0
windows-sys,0.52.0,crates.io,MIT OR Apache-2.0
windows-sys,0.59.0,crates.io,MIT OR Apache-2.0
windows-sys,0.60.2,crates.io,MIT OR Apache-2.0
windows-sys,0.61.2,crates.io,MIT OR Apache-2.0
windows-targets,0.52.6,crates.io,MIT OR Apache-2.0
windows-targets,0.53.5,crates.io,MIT OR Apache-2.0
windows-threading,0.2.1,crates.io,MIT OR Apache-2.0
windows_aarch64_gnullvm,0.52.6,crates.io,MIT OR Apache-2.0
windows_aarch64_gnullvm,0.53.1,crates.io,MIT OR Apache-2.0
windows_aarch64_msvc,0.52.6,crates.io,MIT OR Apache-2.0
windows_aarch64_msvc,0.53.1,crates.io,MIT OR Apache-2.0
windows_i686_gnu,0.52.6,crates.io,MIT OR Apache-2.0
windows_i686_gnu,0.53.1,crates.io,MIT OR Apache-2.0
windows_i686_gnullvm,0.52.6,crates.io,MIT OR Apache-2.0
windows_i686_gnullvm,0.53.1,crates.io,MIT OR Apache-2.0
windows_i686_msvc,0.52.6,crates.io,MIT OR Apache-2.0
windows_i686_msvc,0.53.1,crates.io,MIT OR Apache-2.0
windows_x86_64_gnu,0.52.6,crates.io,MIT OR Apache-2.0
windows_x86_64_gnu,0.53.1,crates.io,MIT OR Apache-2.0
windows_x86_64_gnullvm,0.52.6,crates.io,MIT OR Apache-2.0
windows_x86_64_gnullvm,0.53.1,crates.io,MIT OR Apache-2.0
windows_x86_64_msvc,0.52.6,crates.io,MIT OR Apache-2.0
windows_x86_64_msvc,0.53.1,crates.io,MIT OR Apache-2.0
winit,0.30.13,crates.io,Apache-2.0
winnow,1.0.4,crates.io,MIT
wit-bindgen,0.57.1,crates.io,Apache-2.0 WITH LLVM-exception OR Apache-2.0 OR MIT
wl-clipboard-rs,0.9.3,crates.io,MIT/Apache-2.0
writeable,0.6.4,crates.io,Unicode-3.0
x11-dl,2.21.0,crates.io,MIT
x11rb,0.13.2,crates.io,MIT OR Apache-2.0
x11rb-protocol,0.13.2,crates.io,MIT OR Apache-2.0
xcursor,0.3.11,crates.io,MIT
xkbcommon-dl,0.4.2,crates.io,MIT
xkeysym,0.2.1,crates.io,MIT OR Apache-2.0 OR Zlib
xml-rs,0.8.29,crates.io,MIT
yazi,0.2.1,crates.io,Apache-2.0 OR MIT
yoke,0.8.3,crates.io,Unicode-3.0
yoke-derive,0.8.3,crates.io,Unicode-3.0
zeno,0.3.3,crates.io,Apache-2.0 OR MIT
zerocopy,0.8.58,crates.io,BSD-2-Clause OR Apache-2.0 OR MIT
zerocopy-derive,0.8.58,crates.io,BSD-2-Clause OR Apache-2.0 OR MIT
zerofrom,0.1.8,crates.io,Unicode-3.0
zerofrom-derive,0.1.8,crates.io,Unicode-3.0
zerotrie,0.2.5,crates.io,Unicode-3.0
zerovec,0.11.8,crates.io,Unicode-3.0
zerovec-derive,0.11.6,crates.io,Unicode-3.0
zlib-rs,0.6.8,crates.io,Zlib
